modelo,MAE,RMSE,MAPE,WMAPE,R2,Sesgo_pct
Random Forest,0.3002715845721185,0.496145798590661,9.84592422159637,7.201268427819913,0.9598325597670674,-0.3991471218683601
MLP Neural Network,0.527155065513462,0.7527313888691926,17.38647760353313,12.64250540142493,0.9075438993660053,-1.8879458768592452
Gradient Boosting,0.6126025270297359,0.9467947189192112,20.662918717636344,14.691750612993433,0.8537259878916491,-0.0025459194168212
Linear Regression,0.6500727594109733,0.99413045931136,20.769441432712423,15.590381103835874,0.8387341979542202,0.113563705631888
Ridge,0.6500303765649459,0.994134871011295,20.769234176741797,15.589364656503989,0.8387327666372328,0.1132580771300327
Baseline media movil 7d,1.257523601802861,1.659904213265564,41.20638477385087,30.158581351630797,0.5504048945562332,0.0846040605320062
