canal,tipo_canal,pedidos,unidades,ventas_netas,costes_totales,margen,comisiones,coste_pago,coste_envio,margen_pct
Web Propia,Direct,18750,27000,1655885.85,863716.7,792169.15,0.0,26323.7,63667.5,0.4783959896752545
Miravia,Marketplace,18750,27750,1536462.81,951433.24,585029.57,184375.24,0.0,16875.0,0.38076389886716483
Shein,Marketplace,18750,27750,1507196.87,1132239.9,374956.97,271296.72,50272.68,66937.5,0.2487776994919051
Amazon,Marketplace,18750,27750,1360855.34,1000983.24,359872.1,204132.87,48537.87,100125.0,0.26444552144682765
