canal,lineas,outliers_margen,margen_medio,pct_outliers
Amazon,18750,1905,0.14864496533333332,0.1016
Miravia,18750,5,0.34992389333333335,0.0002666666666666667
Shein,18750,412,0.19838972266666666,0.021973333333333334
Web Propia,18750,339,0.3936175413333334,0.01808
