modelo,MAE,RMSE,MAPE,WMAPE,R2,Sesgo_pct
MLP Neural Network,0.527155065513462,0.7527313888691926,17.38647760353313,12.64250540142493,0.9075438993660053,-1.8879458768592452
