modelo,MAE,RMSE,MAPE,WMAPE_x,R2,Sesgo_pct_x,filas_validacion,real_total,prediccion_total,WMAPE_y,Sesgo_pct_y,mejora_rmse_vs_baseline_pct,mejora_mae_vs_baseline_pct,decision
Random Forest,0.3002715845721185,0.496145798590661,9.84592422159637,7.201268427819913,0.9598325597670674,-0.3991471218683601,5103,21278.0,21362.93052459115,7.201268427819913,-0.39914712186836004,70.10997414034011,76.12199213266207,Modelo seleccionado
MLP Neural Network,0.527155065513462,0.7527313888691926,17.38647760353313,12.64250540142493,0.9075438993660052,-1.8879458768592448,5103,21278.0,21679.71712367811,12.64250540142493,-1.8879458768592452,54.652118908215286,58.07990682976438,Modelo comparativo
Gradient Boosting,0.6126025270297359,0.9467947189192112,20.662918717636344,14.691750612993433,0.8537259878916491,-0.0025459194168212,5103,21278.0,21278.541720733512,14.69175061299343,-0.002545919416821107,42.96088223930931,51.28500760133071,Modelo comparativo
Linear Regression,0.6500727594109733,0.99413045931136,20.769441432712423,15.590381103835874,0.8387341979542202,0.113563705631888,5103,21278.0,21253.835914715648,15.590381103835874,0.11356370563188815,40.10916706117719,48.30532337691395,Modelo comparativo
Ridge,0.6500303765649459,0.994134871011295,20.7692341767418,15.589364656503989,0.8387327666372328,0.1132580771300327,5103,21278.0,21253.900946348273,15.589364656503987,0.11325807713003272,40.10890128078458,48.308693718907264,Modelo comparativo
Baseline media movil 7d,1.257523601802861,1.659904213265564,41.20638477385087,30.1585813516308,0.5504048945562332,0.0846040605320062,5103,21278.0,21259.997948,30.158581351630794,0.08460406053200607,0.0,0.0,Modelo comparativo
